No;full_text;username
1;jelang lebaran perusahaan mulai booking bus untuk program mudik gratis;InfoMakan2
2;anggaran segitu aja masih banyak sekolah yang kurang dan minta tambahan dari orang tua untuk program makan siang gratis harus di mark up lebih banyak lagi tapi gw dulu sd pernah ada program snack bergizi gratis itu program gabungan dengan pkk setempat;dranux
3;keren sih ada program makan siang gratis kayak gini biar pertumbuhan dan perkembangan anak indo secara fisik jadi lebih baik kemampuan secara iq akan mengikuti krn asupan nutrisi bergizi yg cukup;nurmaphie
4;prabowo menunjukkan komitmen nyata pada masa depan dengan memberikan makan siang gratis yang bergizi untuk anakanak sekolah;rismamelatiku
5;program prabowo makan gratis kpd pelajar ibu hamil jumlah pelajar juta mari kita hitung biaya makan gratis bagi pelajar saja untuk  makan juta pelajar  rp ribu per porsi harga segitu dianggap sdh bergizi lengkap maka dlm sekali makan anggaran negara;narkosun
6;makanan gratis dan bergizi untuk ibuibu yang sedang hamil setiap tahun karena ini untuk memperkuat bayi dalam rahimnya semuanya juta jiwa katanya pak kencing aja bayar gimana ceritanya nih;wandystjk2
7;tapi memang agak aneh sih wacana makan gratis ini klo tujuannya mau mencegah stunting dengan membekali ibu hamil dan anak dengan makanan bergizi baiknya dikemas ulang deh narasinya jangan cuma sekedar nyebut program makan gratis;SulaimanMarbun
8;raharjo bukan hanya anak sekolah yg dijanjikan tapi juga bayi balita jadi total aja sdiri brp banyak org yg dikasih mkn gratis tiap hari harusnya mikirin program yg bisa bikin masy berpenghasilan besar biar seluruh anggota keluarga bs makan enak bergizi;AmaSarenn
9;saat ide pembagian susu dan makan siang bergizi gratis bagi siswa di tertawakan buzzer sebelah ntah karena tugas atau betulan kami para orang tua di negeri ini justru merasa itu program luar biasa yg sangat membantu mencetak generasi unggul salah satunya melalui asupan;BANGSAygSUJUD
10;program makan siang gratis buat anak itu bisa jd sarana utk stabilitas ekonomi rumus gdp    xm kalo pengeluaran pemerintah besar dan rutin gdp jg akan stabil tugas kita tinggal ngawasin kualitas makanan yg diberikan harus bersih sehat bergizi amp bebas korupsi;RealKebenaran
11;pak sudah memikirkan kondisi sprt ini tuk janji kampanye ngasih makan gratis anak sekolah seluruh indonesia lagian makanan bergizi program stunting itu untuk ibu hamil bukan untuk anakanak;BosPurwa
12;program makan siang dan susu gratis untuk murid indonesia keren banget ini pak tweet makanan dan minuman bergizi utk penerus bangsa adalah investasi terbesar justru program ini dapat dirasakan langsung oleh rakyat tagar adalah bentuk kepanikan;Aryolejandro
13;pak prabowo sangat support banget untuk anak bangsa indonesia oleh karna itu adanya program makan siang bergizi gratis ini menjadikan indonesia unggul dan kuat anakanak bangsa;harooaira
14;waduh kok ini sudah jalan ya program makan siang gratis dgn lauk pauk yg sangat bergizi di tangerang ini pasti terinspirasi dari yg punya program makan siang gratis nih;bumnbersatu
15;padahal yg diuntungkan nanti dr makan siang dan susu gratis adlh pihak ketiga perusahaan pengadaan ya ga sih syukur dapat makanan bergizi kawatirnya kayak program stunting di dpok anak dibagikan kuah sop parahnya kuahnya doang ga ada dagingnya;rinigrace
16;makan siang gratis sbv program pemerintah yg menawarkan nutrisi memainkan peran penting dlm membantu anak yg mungkin mengalami kekurangan gizi namunutk benar menekan stunting program ini perlu dikombinasikan dg upaya yg lebih luas dlm menyediakan akses ke makanan bergizi;Adrian_susiloo
17; program makan gratis kan kusus tuk anak sd bukan buat yg udah tua kek luanak itu perlu makan bergizi dimasa pertumbuhan;DewiPutriku06
18;tkd prabowogibran banten turun langsung laksanakan program makan siang bergizi dan susu gratis;Kabarpolitikcom
19;program makan siang dan susu gratis bagi siswa dan ibu hamil semoga makanan nya bergizi;fridanurisya
20;prabowo mengungkapkan program pemberian susu dan telor atau makanan bergizi tersebut sebagai upaya mengatasi masalah stunting dan angka kemiskinan dari akar masalahnya;agejncy
21;yakin semua mampu kasih makanan bergizi tinggi tiap hari agar anak kesehatan dan kecerdasannya top abis ntar pakai ahli gizi lho di program makan siang gratis tak asal kenyang tapi sehat cerdas ini baru program riil ini baru satu;BANGSAygSUJUD
22;maaf nih bkn mksd utk merendahkan program makan siangsusu gratis atasi stunting jika taraf hidup ekonomi para ortu meningkat spt pekerjaanupah yg layak sekolahampjamkes gratis rumah ga ngontrakmaka para orang tua dpt beri asupan makan bergizi pd anaknyato be continue;carlitovito180
23;program makan siang gratis sepertinya mengikuti prinsip kurangi potongan tingkatkan kreativitasnya juga nasi putih dan sosis memang tak tergantikan dalam menu bergizi rendah;AJavandalas
24;joee anies back semoga dg program makan siang bergizi dan susu gratis tidak ada lagi orang bodoh lagi membodohkan;BANGSAygSUJUD
25;tentu program makan siang gratis bagi siswa dengan makananmakanan bergizi prabowo subianto;mercifulove
26;id aku dukung program makan siang gratis dari prabowogibran biar anak indonesia terjamin dalam sehari dapet makanan bergizi;sassyyosie
27;program makan siang gratis dibedah dalam menit sama bang lagian yah makan gratis ini program yg absurd banget dan gak akan bisa dilaksanakan kalo tetep dipaksaain yg ada cm jd bahan bancakan doang alih anak dapet makanan bergizi yg ada bakalan dpt makanan basi;ariefrasyad
28;program makan siang gratis dapat membantu mengurangi ketidaksetaraan sosial dengan memberikan akses yang sama terhadap makanan yang bergizi kepada mereka yang mungkin membutuhkan bantuan ekstra;05_maryanne
29;jujur program makan siang gratis ini gue setuju bgt sih terutama buat anak sd yg butuh makanan sehat bergizi ya karna ga semua anak dibekelin makan banyaknya yg dikasih uang saku tapi pas istirahat belinya jajanan yg boro sehat kenyang aja engga;ishikawamore
30;rosiade program konyol makan siang gratis untuk mendapatkan proyek investasi apaan kek gitu kalau memang punya gagasan cukup menstabilkan harga pokok semua warga bisa membeli makan yg sehat menciptakan lapangan kerja semua org mendapatkan uang buat mmbeli kebutuhan yg bergizi;Syafridon8
31;baru sadar tujuan paslon buat program makan siang gratis yang bergizi untuk anak sekolah itu guna mempersiapkan anak bangsa biar gedenya ga tolol kaya razak ya guys;orangsixpack
32;mereka yang nyaris tidak pernah lapar akan sulit bayangkan dan rasakan kalau seseorang lagi lapar betulan rakyat miskin tentu setuju program makan siang gratis anak sekolah karena negara harus jamin rakyat nya tidak lapar minimal dalam hari ada makan yang bergizi;Gunto_Jaya9
33;dumdum agak dongo sih klo pilih yg hanya program demi makan gratis doang klo di teliti program itu bisa jd penghasilan yg uangnya dipakai beli makan siang yg lebih bergizi jd patut di retweet nih;Kata_baba_baim
34;program makan amp susu gratis yang konon untuk mengatasi gizi buruk ini program pembodohan secara terstruktural untuk mengatasi gizi buruk buka seluasluasnya akses pekerjaan sehingga semua keluarga ada penghasilan yg cukup untuk ngasi makan yg bergizi keluarganya;ebe_ganzo
35;makanya program makan siang bergizi gratis buat anak sekolah itu bagus biar otak juga ternutrisi dan tidak somplak seperti pendukung wan kentut;NKRITetapDiHati
36;program makan bergizi gratis uji coba anggaran rp ribu per porsi ditetapkan;pintasandotco
37;pemerintah memutuskan memangkas anggaran untuk program makan bergizi gratis anak dan ibu hamil dari rp menjadi rp per orang hal itu menurut ekonom tidak akan berdampak signifikan pada perekonomian asumsinya dengan anggaran rp ribu per orang keluarga yang;RadioElshinta
38;hasan nasbi tekankan program makan bergizi gratis anggaran rp per porsi itu cukup lewat news;keuangannews_id
39;melibatkan ibu adalah kunci keberhasilan program makan bergizi gratis;voiceofpkb
40;belajar dari brasil dalam program makan bergizi gratis;OposisiCerdas
41;kali ini program makan siang bergizi gratis digelar di sdn gintungkerta kecamatan klari;antmegapolitan
42;dalam rangka memberikan perlidungan dan jaminan sosial kepada penyandang disabilitas kementerian sosial pada tahun telah merencanakan empat program bagi penyandang disabilitas salah satunya program makan bergizi gratis dua kali sehari kepada ribu orang penyandang;RadioElshinta
43;makan bergizi gratis bukan sekadar program prabowogibran tahu makan bergizi adalah langkah awal melawan stunting tapi gimana caranya agar program ini tepat sasaran yuk bersamasama;ConversationIDN
44;hari ini kami simulasi program makan bergizi gratis di sdn anggadita  kali ini kami menyiapkan paket makanan untuk dibagikan;antmegapolitan
45;sambut prabowo di ntt warga kupang optimistis dengan program makan bergizi gratis kupang para masyarakat nusa tenggara timur ntt menyambut antusias kedatangan presiden ri prabowo subianto di kupang salah satu dari mereka pun mengaku optimistis dengan program makan bergizi;RadioElshinta
46;sejumlah perwakilan masyarakat yang menyambut antusias kedatangan presiden prabowo subianto di kupang selasa malam menyampaikan harapan besar terhadap program makan bergizi gratis mbg yang digagas presiden prabowo subianto untuk bisa segera dirasakan manfaatnya;99propaganda
47;warga kupang optimistis dengan program makan bergizi gratis yang digencarkan prabowo;Beritasatu
48;karangasem belum anggarkan program makan bergizi gratis untuk siswa;Beritasatu
49;kementerian sosial kemensos telah merencanakan empat program bagi penyandang disabilitas di dalam rangka memberikan perlindungan dan jaminan sosial kepada para difabel keempat program itu meliputi program makan bergizi gratis program keluarga harapan bantuan pangan non;RadioElshinta
50;kemenkop dorong penguatan peran koperasi dalam program makan bergizi gratis;Beritasatu
51;prabowo tak ambil pusing harga index saham turun dengan program makan bergizi gratis;Joglosemarnews
52;warga harap program makan bergizi gratis prabowo bisa bantu anakanak di ntt;holopiscom
53;ketika tni au turun ikut sukseskan program makan bergizi gratis;VIVAcoid
54;prabowo diancamancam jalankan program rakyat termasuk makan bergizi gratis;holopiscom
55;badan pangan nasional bapanas melaksanakan kajian untuk menentukan menu program makan bergizi gratis mbg sesuai dengan potensi bahan pangan yang diproduksi di setiap daerah di indonesia berikut daftar menu makan bergizi gratis di berbagai daerah;kumparan
56;polda kepri bersinergi laksanakan rapat koordinasi sukseskan program makan bergizi gratis polisi indonesia polisi;poldakeprihumas
57;pgn dukung program makan bergizi gratis negara;InilahMojokerto
58;pulang dari luar negeri setelah lawatan sejak november presiden prabowo subianto membawa komitmen sejumlah negara untuk mewujudkan program makan bergizi gratis;Tempo_Plus
59;pemprov lampung harap program makan bergizi gratis tingkatkan ekonomi lokal;kupastuntasnew
60;fpks dukung one day one fish untuk program makan bergizi gratis riyono anggota komisi iv dpr ri dari fpks;FPKSDPRRI
61;tvrinews yogyakarta pemerintah kabupaten pemkab kulonprogo mengalokasikan anggaran sebesar miliar rupiah untuk program makan bergizi gratis pada tahun mendatang alokasi ini diambil dari pendapatan asli daerah termasuk menotong sejumlah anggaran untuk berbagai;tvriyogyakarta
62;ipolid bank mandiri terus konsisten menjalankan peran sebagai mitra strategis pemerintah lewat dukungan program makan bergizi gratis lewat penyaluran kredit ke sektorsektor yang menjadi pendukung utama ekosistem pangan;ipoldotid
63;bank mandiri dukung ekonomi kerakyatan lewat program makan bergizi gratis dorong pertumbuhan ekonomi kerakyatan yang berkelanjutan lombok insider;KasanBaret
64;badan gizi nasional bgn dan seluruh mitra kerja termasuk peknas penguatan ekonomi kerakyatan nasional dpppeknas fokus terhadap program mbg makan bergizi gratis agar berjalan baik dan lancar;Urusan_Rasa
65;bank mandiri terus konsisten menjalankan peran sebagai mitra strategis pemerintah lewat dukungan program makan bergizi gratis lewat penyaluran kredit ke sektorsektor yang menjadi pendukung utama ekosistem pangan baca selengkapnya;medan_insight
66;polres bireuen gelar program makan bergizi gratis seorang murid bawa pulang untuk adiknya via;serambinews
67;menkop apresiasi dukungan muslimat nu dalam program makan bergizi gratis;Beritasatu
68;dukung program makan bergizi gratis induk kud siapkan pengamanan pasokan;SINDOnews
69;bank mandiri dukung program makan bergizi gratis dorong pertumbuhan ekonomi kerakyatan yang berkelanjutan;portal_papua
70;menteri pendidikan dasar dan menengah mendikdasmen abdul muti menyebut program makan bergizi gratis bisa mengajarkan anakanak agar tidak hidup boros makan siang gratis ini sebagai bagian dari penanaman dan pembiasaan pendidikan karakter bagi anakanak kata abdul muti di;tvOneNews
71;pemerintah kota pemkot tangerang selatan sudah mulai melakukan uji coba program makan bergizi gratis mbg yang merupakan salah satu program unggulan presiden prabowo subianto sekolah pertama yang dilakukan uji coba makan bergizi gratis yaitu tk negeri pembina di ciputat;abouttng
72;kampung sayur di yogya bakal supply bahan untuk program makan bergizi gratis;republikajogja
73;program makan bergizi gratis akan mulai dilaksanakan pakar ini menyebut pemerintah harus memperhatikan kesesuaian menu dengan keperluan tiap siswa via edu;detikcom
74;istana meninjau kesiapan program makan bergizi gratis di tanah sareal bogor program makan bergizi gratis ini akan diberikan ke siswa di sekolah;detikcom
75;bpom ri akan terlibat dalam program makan bergizi gratis yang diprioritaskan presiden prabowo mulai dari rumah produksi hingga distribusi begini perannya;detikcom
76;presidential communication office pco meninjau uji coba program makan bergizi gratis mbg di sekolah di bogor senin uji coba dilaksanakan di satuan pelayanan pemenuhan gizi sppg tanah sareal;TirtoID
77;wamendes pdt riza patria menginstruksikan jajarannya untuk memastikan pasokan bahan baku terpenuhi untuk program makan bergizi gratis di desa;detikcom
78;simulasi program makan bergizi gratis tak berjalan mulus kualitas menu dipertanyakan banyak pihak;detikcom
79;teknologi program makan bergizi gratis monitoring realtime dan ai;uzoneindonesia
80;menteri kelautan dan perikanan sakti wahyu trenggono mengungkapkan susu ikan menjadi salah satu alternatif dalam program makan bergizi gratis mbg;ANTARABengkulu
81;dana judol di bank dan ewallet capai rp triliun legislator desak sita untuk bantu program makan bergizi gratis;indoposco
82;ketua dpd ri sultan  najamudin meminta pemerintah untuk memastikan suplay bahan pangan terpenuhi secara simultan dan murah sebelum memulai program makan bergizi gratis mbg;DPDRI
83;bank mandiri genjot kur untuk sektor pangan dukung ekonomi kerakyatan dan program makan bergizi gratis link artikel;VIVAcoid
84;rakor dan bimtek peknas pada tanggal desember di jakarta terkait program makan bergizi gratis mbg acara dihadiri oleh para pengurus dpp dpw dan dpc peknas seluruh indonesia serta badan gizi nasional bgn para vendor dan investor mbg;Urusan_Rasa
85;program makan siang bergizi gratis masih menjadi highlight dari pembicaraan warga indonesia yuk simak pembahasan selengkapnya di;tvOneNews
86;prabowo sebut program makan bergizi gratis bisa putar roda ekonomi desa;officialinews_
87;edan program makan bergizi gratis mbg ini lama tak hanya anggaran perporsinya makin mengecil tapi alokasi anggarannya yg rp triliun pun akan hilang lenyap tdk jelas sebagian besar hati lho pak pres ini anak buah bapak yg tak pinter math atau sedang mbujuk;ferrykoto
88;prabowo janji program makan bergizi gratis akan berdayakan ekonomi pedesaan;fajaronline
89;menteri keuangan mengatakan alokasi pada tahun sebesar rp triliun akan dialokasikan untuk mendukung program prioritas pembangunan yaitu swasembada pangan pendidikan dan kesehatan hingga program makan siang bergizi gratis;Metro_TV
90;presiden prabowo sebut program makan bergizi gratis perkuat ekonomi desa presiden prabowo subianto menegaskan komitmen pemerintah untuk memperkuat ekonomi pedesaan melalui implementasi program makan bergizi gratis mbg pernyataan ini disampaikan prabowo dalam acara penyerahan;akuratco
91;banyak yang penasaran susu ikan bau amis gak sih dalam program makan gratis bergizi prabowo subianto susu ikan jadi sorotan utama yuk simak obrolan seru di big cheese bersama bapak menteri kelautan dan perikanan sakti wahyu trenggono;detikfinance
92;gibran meninjau program makan bergizi gratis di muhammadiyah boarding school bogor seperti apa momennya;detikcom
93;pemerintah siap melaksanakan program makan bergizi gratis mbg mulai januari dalam proses uji coba selama beberapa bulan terakhir pemerintah semakin menemukan format ideal dalam proses pelaksanaan program dari mulai penyediaan bahan baku operasional unit pelayanan;tvOneNews
94;presiden ri ke menyatakan bahwa setiap tahun akan beredar uang dalam jumlah besar di setiap desa melalui program makan bergizi gratis presiden juga berjanji untuk mendistribusikan perputaran uang yang selama ini terkonsentrasi di jakarta ke desadesa guna;__LOVE_AG4EVER
95;alokasi belanja pemerintah pusat rp triliun untuk program makan bergizi gratis hingga pendidikan;pajakcom
96;presiden prabowo subianto menyampaikan bahwa program unggulan makan bergizi gratis dapat meningkatkan peredaran uang di desadesa hingga mencapai rp miliar per desa per tahun hal ini disampaikan dalam gelaran penyerahan daftar isian pelaksanaan anggaran dipa dan transfer ke;Metro_TV
97;pt timah terus berkomitmen mendukung kesehatan anak bangsa melalui program makan bergizi gratis kali ini program menyentuh siswa sd dan tk di kabupaten bangka semangat menciptakan generasi emas dimulai dari piring mereka;Official_TIMAH
98;wakil presiden ri gibran rakabuming raka memastikan program makan bergizi gratis tidak hanya diterapkan di sekolah dan ibu hamil namun juga akan diterapkan di pondok pesantren gibran menyatakan pentingnya kebutuhan gizi para santri terpenuhi khususnya karena mereka tak;RadioElshinta
99;anggaran program makan bergizi gratis capai rp triliun;pajakcom
100;pondok pesantren muhammadiyah boarding school mbs ki bagus hadikusumo sebagai lembaga pendidikan yang berkomitmen penuh terhadap kemajuan peradaban bangsa mengundang wakil presiden gibran rakabuming untuk meninjau simulasi program makan bergizi gratis mbg kegiatan ini;KemensetnegRI
101;kabar baik program makan bergizi gratis bakal diterapkan di pesantren;Beritasatu
102;presiden prabowo subianto mengatakan program makan bergizi gratis yang akan dilaksanakan pemerintah bisa meningkatkan peredaran uang hingga persen di daerah peningkatan itu jika diperbandingkan dengan program dana desa yang memberi rp miliartahun untuk desa;RadioSmartFM
103;wapres gibran sosialisasikan program makan bergizi gratis di pondok pesantren muhammadiyah bogor;Beritasatu
104;presiden prabowo mengumumkan program makan bergizi gratis mbg akan meningkatkan alokasi anggaran ke desadesa sebagai upaya untuk memberdayakan ekonomi di tingkat pedesaan kecamatan hingga provinsi bahkan presiden mengatakan mbg dapat membuat peredaran uang di desa;akuratco
105;padahal menurut prabowo penghematan anggaran itu bisa membangun bendungan irigasi sarana pendidikan serta mendanai program makan bergizi gratis;PaltiHutabarat
106;presiden prabowo subianto mengumumkan bahwa program makan bergizi gratis akan meningkatkan alokasi anggaran ke desadesa hal ini sebagai upaya untuk memberdayakan ekonomi di tingkat pedesaan kecamatan hingga provinsi simak berita selengkapnya hanya di;tvOneNews
107;presiden prabowo subianto mengatakan program makan bergizi gratis mbg merupakan langkah strategis untuk memberdayakan ekonomi di pedesaan hal tersebut disampaikan prabowo saat acara penyerahan daftar isian pelaksanaan anggaran dipa dan buku daftar alokasi transfer ke;tvOneNews
108;kasat binmas polres lumajang melaksanakan kegiatan program makan bergizi gratis yang dilaksanakan di ma putri nurul masyithoh lumajang indonesia;PolsekKunir
109;sri mulyani program makan bergizi gratis dapat menggerakan ekonomi daerah;InvestorID
110;prancis dukung program makan bergizi gratis prabowo;InvestorID
111;bpom kawal program makan bergizi gratis dapur hingga distribusi diawasi lewat com;rakyatpembaruan
112;pemerintah melalui kantor komunikasi kepresidenan meninjau secara langsung kesiapan pelaksanaan program makan bergizi gratis mbg di unit pelayanan mbg tanah sareal bogor jawa barat serta sdn kedung badak dan smp siliwangi kota bogor senin;KompasData
113;kepala bpom temui jaksa agung minta kawal program makan bergizi gratis;CNNIndonesia
114;please bantu isi atau barter kuesioner penelitian sender tentang program makan bergizi gratis mbg kriterianya kayak dibawah ini bolee reply aja yaa nanti sender kirim linknya lewat dm makasi gais;tanyarlfes
115;program makan bergizi gratis membuktikan fleksibilitasnya dengan mengubah fungsi dapur layanan menjadi posko darurat memastikan ratusan ribu korban bencana alam tetap mendapatkan akses pangan sehat dan layak di tengah situasi krisis;PrayogaAditam
116;were hiring dapur sppg mbg yayasan apta peduli bangsa membuka kesempatan bagi kamu yang ingin berkontribusi dalam program makan bergizi gratis untuk masyarakat saat ini kami membuka lowongan untuk posisi ahli gizi kualifikasi utama priawanita minimal;lokerjogja_
117;badan gizi nasional bgn memastikan program makan bergizi gratis mulai berjalan pada awal januari dengan belanja harian mencapai rp miliar kepala bgn dadan hindayana menegaskan satu hari di bulan januari kami akan menggunakan uang rp miliar belanja besar ini;liputan6dotcom
118;seorang pedagang telur bernama stefanus gulo merasa bangga dan bersyukur karena lapak dagangannya dipercaya menjadi salah satu pemasok telur untuk kebutuhan program makan bergizi gratis mbg;cmerconk
119;program makan bergizi gratis di sman pekanbaru berjalan lancar;GoRiauCom
120;puluhan pelajar dari sejumlah sekolah di kecamatan sumberwringin kabupaten bondowoso jawa timur diduga mengalami keracunan setelah mengonsumsi menu program makan bergizi gratis mbg rabu para siswa yang mengalami keluhan langsung dilarikan ke puskesmas;ferizandra
121;siswa dan guru di smp  airmadidi minahasa utara diduga keracunan makan siang gratis data per tanggal november setidaknya rumah sakit di sulawesi utara dijadikan rujukan untuk merawat puluhan siswa yang keracunan pasca menyatap program makan bergizi gratis;lbhmanado
122;babinsa sukolilo dampingi program makan bergizi gratis di sekolah;Dim0830
123;kodim mojokerto bersama bps kota mojokerto menggelar rapat koordinasi dan evaluasi program makan bergizi gratis mbg sebagai wujud sinergi dalam mengawal program strategis nasional;Kodim0815Mjk
124;sinergi tnipolri dukung program makan bergizi gratis bhabinkamtibmas desa tegallalang aiptu  dewa made sandat bersama babinsa sertu  gst arbajaya melaksanakan atensi pendistribusian program makan bergizi gratis mbg tahap  dari sppg tegallalang ke sekolahsekolah;POLSEKTGLL_15
125;polsek sukadana pantau langsung program makan bergizi gratis di smpn sukadana ciamis;djavatodaycom
126;koramil paiton dukung program makan bergizi gratis tingkatkan kesehatan pelajar simak selengkapnya disini;Pendam5
127;bpkp kalteng melaksanakan evaluasi program makan bergizi gratis mbg di kabupaten barito timur guna memastikan kepatuhan pelaksanaan terhadap regulasi dan rencana kerja serta mengidentifikasi permasalahan serta risiko yang menghambat pelaksanaan program mbg;bpkp_kalteng
128;setiap anak berhak tumbuh sehat dan kuat mari dukung program makan bergizi gratis agar mereka bisa belajar dengan penuh energi tersenyum lebih lebar dan meraih masa depan yang lebih cerah;InfoMakan2
129;program makan bergizi gratis mbg beralih fungsi menjadi garda terdepan penyaluran makanan darurat untuk korban bencana di sumatera aceh sumut sumbar ribuan paket makanan bergizi didistribusikan setiap hari untuk memastikan kebutuhan dasar korban terpenuhi;cutewoman__
130;gizi terpenuhi ibu hamil lebih tenang program makan bergizi gratis hadir memastikan kesehatan ibu dan calon bayi terjaga tanpa beban biaya bukti nyata kepedulian pemerintah untuk melahirkan generasi kuat;khaliqbyard215
131;mobil lab keliling dari bpom ini keren banget soalnya langsung turun ke daerah yang susah dijangkau buat pastikan program makan bergizi gratis berjalan aman dan tepat ini contoh nyata kerja senyap tapi ngena buat banyak orang;law_ismylife
132;kepala badan gizi nasional bgn mengungkap peran vital program makan bergizi gratis mbg dalam perekonomian indonesia;tvOneNews
133;polres klungkung melaksanakan pre launching program makan bergizi gratis mbg sppg polres klungkung yang dipusatkan di tk kemala bhayangkari polres klungkung;PKlungkung
134;program makan bergizi gratis ini benarbenar jadi penyelamat untuk banyak ibu hamil mereka nggak lagi harus mikir dua kali soal biaya buat memenuhi kebutuhan gizi hariannya karena semua sudah disiapkan dengan terukur dan seimbang;al_lasan7
135;balai besar obat dan makanan bpom menghadirkan mobil laboratorium untuk mendukung program makan bergizi gratis mbg;jjaprin24
136;bpom menghadirkan mobil laboratorium untuk mendukung program makan bergizi gratis mbg mobil ini menjangkau daerah daerah yang jauh dari jangkauan balai pom guna mendukung program prioritas dari pemerintah;diyarablues
137;inovasi mobil laboratorium keliling bpom siap menjangkau pelosok negeri demi memastikan keamanan pangan program makan bergizi gratis agar anak indonesia tumbuh sehat dan cerdas tanpa rasa khawatir;PrayogaAditam
138;penerapan sistem grading dapur oleh badan gizi nasional bersama lembaga survei independen menjamin standar keamanan pangan yang tinggi demi kesuksesan program makan bergizi gratis tahun depan;PrayogaAditam
139;bpom terus hadir mendukung program makan bergizi gratis mbg dengan mobil laboratorium keliling jangkauan pengawasan pangan kini makin luas hingga pelosok negeri demi asupan yang aman dan bergizi untuk seluruh anak indonesia;berthasintia
140;babinsa koramil samarinda seberang kawal penuh program makan bergizi gratis untuk generasi sehat sertu  syamsudin babinsa kelurahan rapak dalam koramil samarinda seberang aktif mendampingi pelaksanaan program makan bergizi gratis mbg di wilayah binaannya;Kodim0901Smd
141;bpom menghadirkan mobil laboratorium keliling untuk mendukung program makan bergizi gratis mbg langkah ini memastikan keamanan pangan tetap terpantau hingga daerah yang sulit dijangkau inovasi nyata demi kesehatan masyarakat;barisansopan
142;babinsa blimbing pendampingan program makan bergizi gratis di sdn polowijen;Serucoid1
143;sidokkes polres bangli memastikan makanan program makan bergizi gratis aman dan layak dikonsumsi melalui pemeriksaan food safety di sppg polres bangli seluruh sampel makanan dinyatakan bebas bahan kimia berbahaya dan disajikan dalam kondisi higienis sesuai standar;KintamaniPolsek
144;polresta palangka raya hadiri rakor optimalisasi program makan bergizi gratis polresta palangka raya menghadiri rapat koordinasi rakor optimalisasi pelaksanaan program makan bergizi gratis yang digelar di ruang rapat peteng karuhei ii kantor wali kota palangka raya;PolresPalangka
145;polres klungkung gelar prelaunching program makan bergizi gratis di tk kemala bhayangkari klungkung;PKlungkung
146;bpom turun langsung kawal program makan bergizi gratis di solo;IDNTimesJateng
147;presiden prabowo memberi penegasan penting bagi pihakpihak yang meremehkan keberhasilan program makan bergizi gratis kritik boleh ada namun fakta di lapangan tidak bisa diputarbalikkan distribusi masif sudah berjalan dan mencapai juta penerima manfaat setiap hari beliau;oxrth_
148;pemerintah terus memastikan program makan bergizi gratis berjalan lebih rapi dan tepat sasaran temuan dari lapangan langsung diteruskan untuk dibenahi fokusnya sederhana perlindungan anak harus terasa nyata dan merata;bungkusekoran
149;presiden prabowo ungkap juta penerima manfaat program makan bergizi gratis setara kali penduduk singapura hingga menjangkau daerah terpencil;detikcom
150;gibran minta mbg terus dibenahi temuan kpai akan dibawa ke bgn pemerintah memastikan komitmen untuk terus memperbaiki sistem dan pelaksanaan program makan bergizi gratis mbg sebagai bagian dari upaya memperkuat perlindungan anak dan memastikan efektivitas kebijakan prioritas;akuratco
151;program makan bergizi gratis mbg menjadi langkah nyata negara dalam menyiapkan generasi sehat dan berdaya saing melalui pemenuhan gizi sejak dini;Viviviviichan
152;polri terbitkan buku rasa bhayangkara nusantara sebagai rujukan diversifikasi pangan untuk program makan bergizi gratis;car_imar
153;ketum golkar bahlil dorong program makan bergizi gratis untuk pelosok indonesia dirinya menilai program ini penting karena pernah busung lapar;detikcom
154;kpai pantau program makan bergizi gratis di depok memastikan setiap murid bukan cuma kenyang tapi mendapat gizi seimbang amp aman;KPAI_official
155;program makan bergizi gratis mbg bagi ibu hamil ibu menyusui dan balita nonpaud  di desa parakan kecamatan leuwimunding kabupaten majalengka mendapat perhatian masyarakat usai penerima manfaatnya mengalami dugaan keracunan pada kamis insiden ini diduga;ferizandra
156;kepala badan gizi nasional bgn dadan hindayana menargetkan tidak ada orang lagi yang keracunan dalam program makan bergizi gratis mbg;liputan6dotcom
157;presiden prabowo subianto mengumumkan capaian signifikan program makan bergizi gratis mbg yang kini telah menjangkau sekitar juta penerima manfaat setiap harinya;MediaPrabowoID
158;sinergi berbagai pihak membuat program makan bergizi gratis mampu mendistribusikan makanan bergizi secara merata memperkuat kualitas hidup anak;bhinneka_news
159;program makan bergizi gratis mbg akan didistribusikan langsung kepada anak jalanan hingga lansia yang membutuhkan upaya ini layak didukung agar dapat segera terealisasi dan makin banyak yang merasakan manfaatnya;bungkusekoran
160;maklumin aja ges program mbg ini punya kan bisa tiga program mbah bowo gibran program militer banyak gawean guna program makan bergizi gratis;Rebornian48
161;gunungkidul perbarui data penerima program makan bergizi gratis dorong bantuan tepat sasaran;TuguJogja_id
162;program makan bergizi gratis mbg memperkuat masa depan anak bangsa dengan memastikan akses gizi sehat yang merata sekaligus mendorong peningkatan kualitas pendidikan sejak dini;Viviviviichan
163;presiden prabowo subianto mengklaim program makan bergizi gratis mbg sebagai salah satu program terbaik di dunia setelah dalam bulan berhasil menjangkau juta penerima manfaat menurut prabowo capaian ini merupakan prestasi logistik besar karena melebihi brasil yang;RadioElshinta
164;program makan bergizi gratis bukan sekadar berbagi makanan tetapi menjadi lokomotif ekonomi baru yang membuka lapangan kerja luas bagi sektor pangan dan menyejahterakan pelaku usaha kecil di seluruh daerah;PrayogaAditam
165;program makan bergizi gratis menjadi fondasi kokoh menuju indonesia maju dengan mencetak generasi yang sehat cerdas dan produktif melalui asupan gizi seimbang yang diberikan sejak usia dini di sekolah;PrayogaAditam
166;program makan bergizi gratis mbg menjadi pondasi penting untuk mencetak generasi sehat cerdas dan produktif dengan pemenuhan gizi yang berkelanjutan sumber;Viviviviichan
167;program makan bergizi gratis mbg yang dijalankan badan gizi nasional bgn terbukti menciptakan lapangan kerja dan memperkuat ekosistem usaha kuliner mengubah satuan pelayanan pemenuhan gizi sppg menjadi lokomotif baru penciptaan lapangan kerja;jjaprin24
168;bgn menegaskan bahwa insentif senilai rp juta per hari untuk dapur program makan bergizi gratis mbg akan dipotong apabila fasilitas satuan pelayanan pemenuhan gizi sppg tidak memenuhi standar yang telah ditetapkan;nafian1010
169;program makan bergizi gratis mbg bukan sekadar bantuan makanan melainkan investasi strategis dalam  menciptakan generasi yang sehat cerdas dan produktif yang akan jadi fondasi indonesia maju;nafian1010
170;mensos gus ipul menyebut penyandang disabilitas akan menjadi sasaran program makan bergizi gratis yang mulai berjalan dan menargetkan ribu penerima;detikcom
171;wakil bupati asluchul alif dorong perlindungan ketenagakerjaan bagi relawan dan tenaga pendukung program makan bergizi gratis;IniGresik
172;personil polsek pangkalan kuras melaksanakan pengawasan program makan bergizi gratis mbg di mts alqasimiyah dan smpn pangkalan kuras dengan total sasaran dan porsi bagi siswasiswi;polsek_pklkuras
173;badan gizi nasional sehubungan dengan pelaksanaan program makan bergizi gratis mbg oleh badan gizi nasional penempatan sppg purwokerto lor banyumas membutuhkan karyawan untuk posisi akuntan koki chef ahli gizi driver kru dapur;lokerpwt
174;tabik puun hallo sobat mataneka mtsn way kanan mulai salurkan program makan bergizi gratis mbg kepada siswa link berita kemenaglampung raksabhinayaadhiwira;mtsn1waykanan
175;ak ada lagi anak sekolah yang lapar program makan bergizi gratis hadirkan senyum dan semangat belajar;AlamINDKu
176;gizi cukup prestasi meningkat mari dukung program makan bergizi gratis demi masa depan anakanak kita;AlamINDKu
177;dadan hindayana di balik program makan bergizi gratis dari kampus ke garda depan kebijakan nasional;RadioElshinta
178;tujuan lain dari program mbg makan bergizi gratis asslah membangun ekosistem ekonomis yang menumbuhkan pemberdayaan ekonomi lokal beberapa dapur mbg sppg juara menciptakan dan menguatkan ekosistem pemberdayaan masyarakatdiberi penghargaan inspiradaya dari kemenko pm;cakimiNOW
179;program makan bergizi gratis sejalan dengan visi indonesia emas satu langkah gizi sehat seribu manfaat untuk negeri;Nur_Syahira98
180;antusiasme luar biasa dari siswasiswi di pelosok garut saat menyambut program makan bergizi gratis mbg senyum ceria mereka adalah bukti nyata bahwa akses gizi yang baik bisa membawa harapan dan semangat belajar gizi baik semangat belajar makin tinggi;cutewoman__
181;dadan hindayana memastikan pengawasan program makan bergizi gratis semakin ketat dengan membatasi beban kerja dapur agar kualitas gizi terjaga dan risiko keamanan pangan dapat ditekan seminimal mungkin;PrayogaAditam
182;semua pihak yang bekerja dapur sppg menjadi urat nadi pelaksanaan program makan bergizi gratis kerja nyata dan tanggung jawab yg mereka menu makanan sehat dan bergizi seimbang untuk penerima manfaat disiapkan ferry irwandi shanti filipina;Aprilia_wiji
183;program makan bergizi gratis mbg yang diinisiasi pemerintahan presiden prabowo subianto dan direncanakan berjalan penuh mulai dengan anggaran apbn rp triliun per hari mulai menemui kendala di daerah di kabupaten demak jawa tengah satuan pelayanan pemenuhan gizi;Pandugaid
184;badan gizi nasional memastikan pengawasan program makan bergizi gratis semakin ketat berbagai langkah dan kerja nyata diterapkan secara sistematis menyusul beberapa insiden keracunan dalam program mbg login filipina kisruh hukum;Aprilia_wiji
185;penyuluh perikanan terus memberikan pendampingan kepada poklahsar binaan dalam memenuhi permintaan produk perikanan untuk mendukung program makan bergizi gratis upaya ini diharapkan dapat memperkuat peran strategis umkm pengolah hasil perikanan dalam program pemerintah;bppsdm_brpbappp
186;kapolsek nagreg kompol rizal adam al hasan as spd mm yang diwakili kanit intelkam akp nurwidi sh menghadiri rapat koordinasi program makan bergizi gratis mbg tingkat kecamatan nagreg di aula kantor kecamatan nagreg kabupaten bandung;PolsekNagreg
187;badan gizi nasional bgn memastikan pasokan gizi nasional melalui program makan bergizi gratis mbg terpenuhi sdm dilatih untuk kesiapannya secara serentak dan tersebar ke seluruh indonesia;sidewii
188;program makan bergizi gratis mbg kini merangkul para penyandang disabilitas mulai tahun depan penerima akan mendapatkan makanan bergizi dua kali sehari langsung diantar ke rumah oleh kader desa yang sekaligus menjadi caregiver mereka;33officialdotid
189;menteri keuangan purbaya yudhi sadewa bantah tegas isu perubahan program makan bergizi gratis mbg menjadi uang tunai baca klarifikasi menkeu;gisgiskaa
190;badan gizi nasional bgn mendorong seluruh dapur program makan bergizi gratis mbg untuk menerapkan ramah lingkungan dan berorientasi pada prinsip zero waste;disway_update
191;penyerahan simbolis program makan bergizi gratis digelar di sma negeri singaraja;Pemkab_Buleleng
192;ppu siapkan pangan lokal untuk sukseskan program makan bergizi gratis;IDNTimesKaltim
193;sebelum akhir tahun bgn bidik layanan mbg setara populasi korsel jakarta kepala badan gizi nasional bgn dadan hindayana mengatakan pihaknya kini tengah mengejar target layanan program makan bergizi gratis mbg setara populasi korea selatan yakni juta jiwa kita;RadioElshinta
194;indonesia masih menghadapi persoalan besar terkait sampah makanan hampir separuh tumpukan sampah nasional berasal dari makanan yang terbuang dan sebagian besar terjadi karena makanan tidak dihabiskan di tengah pelaksanaan program makan bergizi gratis isu ini menjadi semakin;krkp_id
195;isu dugaan pungutan biaya perizinan kelayakan pangan dalam program makan bergizi gratis mbg mencuat di lingkungan pemerintah kabupaten pekalongan seorang oknum pejabat di dinas kesehatan dinkes kabupaten pekalongan berinisial mk yang disebut menjab;warta_desa
196;sppg sukamantri hadirkan oven ompreng pertama nasional bogor upaya meningkatkan keamanan pangan dalam pelaksanaan program makan bergizi gratis mbg mencapai tonggak baru satuan pelayanan pemenuhan gizi sppg bogor tamansari sukamantri menjadi sppg pertama di indonesia yang;RadioElshinta
197;mbg adalah seragam sekolah versi makanan program makan bergizi gratis harus universal tujuannya menciptakan kesetaraan mutlak di sekolah semua anak makan menu yang sama di meja yang sama ini hilangkan stigma sosial amp bangun fondasi karakter kebangsaan jangan ada pemilahan;cutewoman__
198;bukan hanya sekadar makanan gratis juga fokus penuh naikin kualitas dan mutu makanan di program makan bergizi gratis mbg yang sudah menyentuh ribuan siswa setiap hari setiap porsi dibuat dengan perhatian agar anakanak dapat tumbuh sehat dan siap belajar;cutewoman__
199;jiwa di kepri kini tersentuh program makan bergizi gratis mbg ini adalah langkah nyata memastikan gizi terbaik untuk generasi penerus amp kelompok  di kepri penguatan gizi di satuan pelayanan pemenuhan gizi sppg terus dipercepat termasuk di daerah ;cutewoman__
200;program makan bergizi gratis kini menjangkau ratusan ribu siswa dan ibu hamil di kepri memastikan pemerataan gizi hingga ke pelosok daerah demi masa depan generasi yang lebih sehat dan kuat;PrayogaAditam
201;program makan bergizi gratis mbg memastikan setiap anak mendapat nutrisi layak meningkatkan kesehatan sekaligus mendukung fokus belajar di sekolah sumber;Viviviviichan
202;program makan bergizi gratis mbg di kepri sukses menjangkau penerima manfaat meliputi siswa ibu hamil menyusui dan balita  didukung sppg program ini menjangkau batam secara masif sementara pembangunan di daerah  masih berjalan;nafian1010
203;program makan bergizi gratis mbg diterapkan secara merata untuk semua siswa demi menciptakan kesetaraan di sekolah tujuannya meniru semangat seragam sekolah menghapus sekat status sosial dan mencegah stigma dengan tidak memilahmilah penerima manfaat;jjaprin24
204;penerima manfaat sejak beroperasi september lalu program makan bergizi gratis mbg di pulau kelapa telah menyajikan makanan bergizi meskipun tantangan logistik di pulau tim sppg yang didominasi warga lokal memastikan kualitas makanan terjaga kehadiran mbg bukan;oxrth_
205;ribu umkm terlibat dalam program makan bergizi gratis yang bisa berikan multiplier effect;RiaupagiSurya
206;polsek muara kaman kawal pelaksanaan program makan bergizi gratis dukung pemenuhan gizi dan kamtibmas pelajar di panca jaya kukar program makan bergizi gratis mbg tahap pertama resmi bergulir di desa panca jaya kecamatan muara kaman pada senin;polsek_sebulu
207;zulkifli hasan zulhas menyatakan target iq anak indonesia naik ke melalui program makan bergizi gratis mbg karena nutrisi baik bisa dukung perkembangan kognitif namun iq dipengaruhi banyak faktor seperti pendidikan dan lingkungan bukan hanya makanan apakah mirip;grok
208;babinsa dampingi program makan bergizi gratis di tk dwp karangandong;kodim0817gresik
209;wali kota depok supian suri memimpin rapat koordinasi program makan bergizi gratis mbg kota depok senin supian mengatakan bahwa pemkot depok terus berupaya memperluas sasaran program mbg dan memastikan program berjalan dengan kualitas yang terjaga;Humas_depok
210;program mbg dikritisi masih banyak sekolah di simalungun tak tersentuh program makan bergizi gratis mbg yang menjadi salah satu agenda prioritas pemerintah kini menghadapi kritik luas;sibnewsnetwork
211;apbn menunjukkan pergeseran prioritas belanja pemerintah yang sangat besar terutama melalui ekspansi anggaran pada programprogram flagship seperti program makan bergizi gratis mbg dan program koperasi desa kopdes;COREIndonesia
212;menteri koordinator bidang pangan zulkifli hasan menyatakan optimismenya bahwa kualitas kecerdasan anak indonesia dapat meningkat signifikan melalui program makan bergizi gratis mbg zulhas menargetkan ratarata iq anak indonesia bisa mencapai angka jauh di atas;Melihat_Indo
213;distribusi mbg masif ratusan ribu porsi dinikmati korban bencana sumateraaceh penyaluran bantuan pangan melalui program makan bergizi gratis mbg masih terus dilakukan pemerintah untuk membantu masyarakat terdampak bencana alam di wilayah sumatera dan aceh hingga;RadioElshinta
214;sufmi dasco menyampaikan terima kasih atas dukungan masyarakat terhadap programprogram pemerintah presiden prabowo subianto terutama program makan bergizi gratis mbg yang menjadi salah satu program unggulan untuk mencetak generasi bangsa yang lebih kuat dan sehat;bbahtiarr
215;program makan bergizi gratis hadir untuk penuhi kebutuhan gizi anak sejak dini meningkatkan kesehatan dan daya saing generasi muda langkah nyata menuju indonesia emas;Nur_Syahira98
216;kami percaya setiap anak berhak tumbuh kuat dan cerdas dengan program makan bergizi gratis kita bersama membuka jalan bagi masa depan yang lebih sehat mari saling menjaga memastikan tak ada piring yang kosong dan setiap langkah kecil menuju mimpi jadi lebih ringan;InfoMakan2
217;kami percaya setiap anak berhak tumbuh kuat dan cerdas dengan program makan bergizi gratis kita bersama membuka jalan bagi masa depan yang lebih sehat mari saling menjaga memastikan tak ada piring yang kosong dan setiap langkah kecil menuju mimpi jadi lebih ringan;InfoMakan2
218;kami percaya setiap anak berhak tumbuh kuat dan cerdas dengan program makan bergizi gratis kita bersama membuka jalan bagi masa depan yang lebih sehat mari saling menjaga memastikan tak ada piring yang kosong dan setiap langkah kecil menuju mimpi jadi lebih ringan;InfoMakan2
219;kami percaya setiap anak berhak tumbuh kuat dan cerdas dengan program makan bergizi gratis kita bersama membuka jalan bagi masa depan yang lebih sehat mari saling menjaga memastikan tak ada piring yang kosong dan setiap langkah kecil menuju mimpi jadi lebih ringan;InfoMakan2
220;ri targetkan swasembada telur amp daging ayam di setelah sukses swasembada beras amp jagung kini fokus beralih ke sektor peternakan pemerintah siapkan strategi khusus untuk memastikan pasokan aman dan berkelanjutan demi mendukung penuh program makan bergizi gratis mbg;cutewoman__
221;program makan bergizi gratis mbg terus memberi dampak nyata dengan meningkatkan kesejahteraan anak sekolah dan memperkuat kualitas sumber daya manusia sejak dini sumber;Viviviviichan
222;program makan bergizi gratis mbg kini menjangkau kelompok paling rentan lansia pemulung anak jalanan disabilitas hingga masyarakat miskin harapan baru mengalirtak boleh ada lagi warga indonesia yang kesulitan mendapatkan makanan bergizi pemenuhan gizi untuk semua;adeelinaimawn
223;program makan bergizi gratis mbg kini diperluas untuk mencakup jutaan warga indonesia dengan penerima manfaat yang menyentuh kelompok paling rentan seperti lansia pemulung anak jalanan disabilitas hingga masyarakat miskin;waynirwana
224;program makan bergizi gratis mbg kini benarbenar menyentuh nurani bangsa dari lansia pemulung hingga anak jalanansemua dirangkul agar tak ada lagi warga yang tidur dalam keadaan lapar harapan baru untuk indonesia yang lebih adil dan manusiawi;barisansopan
225;mbg ada harapan baru bagi jutaan warga program makan bergizi gratis mbg kini menjangkau lansia pemulung anak jalanan hingga masyarakat miskin memastikan setiap anak bisa makan bergizi agar tumbuh dengan baik pendidikan dan tenaga penggerak masyarakat diprioritaskan;nauna_masa
226;visi utama program makan bergizi gratis mbg adalah memastikan semua anak indonesia mendapat asupan gizi yang cukup untuk tumbuh optimalprogram ini menjadi pilar penting dalam upaya pemerintah menjamin kesehatan generasi penerus bangsa;nafian1010
227;program makan bergizi gratis kini menyentuh lansia dan anak jalanan membawa harapan baru bagi jutaan warga indonesia yang membutuhkan uluran tangan pemerintah;PrayogaAditam
228;harapan baru terus mengalir program makan bergizi gratis kini menyentuh lansia pemulung anak jalanan hingga kelompok paling rentan semua berhak makan layak dan bergizi;berthasintia
229;sebuah insiden tragis terekam dalam video yang beredar luas di media sosial memperlihatkan mobil pengangkut makanan program makan bergizi gratis mbg menabrak murid di sdn kalibaru jakarta utara mobil tersebut dilaporkan menerobos pagar sekolah dan menabrak sekelompok;pikiran_rakyat
230;sebuah mobil operasional program makan bergizi gratis mbg menabrak sejumlah siswa dan satu guru di sdn kalibaru cilincing jakarta utara pada kamis pagi insiden ini menyebabkan orang korban lukaluka terdiri dari siswa dan guru;KangDien_Wae
231;mobil operasional program makan bergizi gratis mbg menerobos masuk ke halaman sdn kalibaru pagi cilincing jakarta utara dan menabrak orang akibat kejadian ini sebanyak siswa dan guru mengalami luka kepolisian daerah metro jaya menyebut dari total korban;NarasiNewsroom
232;program makan bergizi gratis memberikan energi baru bagi anakanak demi menyongsong masa depan yang sukses dan berguna dukung terus program mbg;Bangsaindo_
233;kukar bhabinkamtibmas polsek anggana briptu zidan nur alif menghadiri kegiatan launching satuan pelayanan pemenuhan gizi sppg dan distribusi perdana program makan bergizi gratis mbg periode  yang digelar di yayasan fimizoe mohammad zulkifli;Polsektenggaro1
234;horor di sd cilincing mobil program makan bergizi gratis nyelonong masuk halaman sekolah korban berjatuhansedih;kalderanews
235;danrem makutarama tinjau program makan bergizi gratis di smk bina utama kendal;KoremMakutarama
236;seluruh pelajar sdn kalibaru jakarta utara langsung dipulangkan menyusul insiden tragis mobil pengangkut program makan bergizi gratis mbg menabrak pelajar kamis hal ini disampaikan turah wakil kepala sekolah sdn kalibaru setelah kejadian siswa yang;SINDOnews
237;sufmi dasco juga menyampaikan apresiasi atas dukungan masyarakat terhadap programprogram pemerintahan presiden prabowo subianto terutama program makan bergizi gratis mbg yang digulirkan untuk membangun generasi muda yang lebih sehat dan kuat;bbahtiarr
238;program makan bergizi gratis mbg hadir untuk meningkatkan status gizi generasi muda melalui pemberian makanan bergizi gratis dan kolaborasi lintas sektor secara berkelanjutan;ravidnath
239;babinsa koramil bener dampingi pelaksanaan makan bergizi gratis babinsa koramil bener kodim purworejo melakukan pendampingan pembagian program makan bergizi gratis mbg di sekolahan wilayah binaan;13_bener
240;tragedi mobil pengantar makanan mbg yang tabrak siswa sd di cilincing jakarta utara adalah bentuk kelalaian pemerintah terkait program mbg hentikan program dan evaluasi total program makan bergizi gratis mbg adalah satusatunya cara agar berbagai insiden yang merugikan;konde_co
241;wakil presiden wapres gibran rakabuming raka meminta aparat penegak hukum mengusut tuntas insiden mobil pengangkut makanan program makan bergizi gratis mbg yang menabrak siswa dan guru sdn kalibaru cilincing jakarta utara kamis kecelakaan tersebut;Melihat_Indo
242;horor di sd cilincing mobil program makan bergizi gratis nyelonong masuk halaman sekolah korban berjatuhanparah sih drivernya;kalderanews
243;wakil presiden gibran rakabuming raka menyambangi rsud cilincing dan rsud koja jakarta utara kamis sore kedatangannya dilakukan untuk menjenguk para pelajar sdn kalibaru yang menjadi korban tabrakan mobil pengangkut program makan bergizi gratis mbg;SINDOnews
244;kemendikdasmen dorong penguatan implementasi program makan bergizi gratis;MyInfoID
245;menginjak setahun implementasi program mbg sudah semestinya evaluasi total dilakukan untuk mengukur capaian secara objektif celios mengundang seluruh masyarakat untuk hadir dalam peluncuran studi mengenai evaluasi tahun program makan bergizi gratis dengan beberapa temuan;barengwarga
246;menko pm cak imin merespons insiden mobil sppg pengangkut makanan program makan bergizi gratis mbg yang menabrak siswa dan guru di lingkungan sdn kalibaru;tvOneNews
247;presiden prabowo perluas manfaat program makan bergizi gratis guru swasta hingga honorer kini termasuk penerima;klikaktual
248;kirain dulu mbg ini program peningkatan gizi masyarakat ternyata peningkatan lifestyle bgn lahir dari janji kampanye mulia anakanak indonesia harus makan bergizi stunting harus turun generasi emas bgn dibentuk khusus untuk program makan bergizi gratis yang dijanjikan;13_iwaN
249;rp triliun buat program makan bergizi gratis katanya demi anakanak biar gak kekurangan gizi tapi yang dibelanjain kaos kaki semir sepatu barangbarang random ini program gizi atau proyek gragas di lapangan masih banyak anak sekolah pakai kaos kaki bolong diikat;bangherwin
250;arah kebijakan program makan bergizi gratis mbg kini mengalami pergeseran signifikan presiden prabowo subianto meminta agar program unggulan tersebut tidak lagi diberikan secara universal melainkan difokuskan secara spesifik kepada anakanak yang mengalami kekurangan gizi dan;NalarTumpul
251;pemerintah menyiapkan unit rumah subsidi bagi karyawan program makan bergizi gratis mbg melalui skema fasilitas likuiditas pembiayaan perumahan flpp dengan uang muka mulai sekitar rp juta kebijakan ini untuk meningkatkan kesejahteraan karyawan sekaligus mendukung;99propaganda
252;seorang kreator viral menyoroti dampak program makan bergizi gratis mbg melalui drama tentang warung sekolah yang kehilangan pelanggan sejumlah umkm mengaku omzet menurun sejak program berjalan selain itu distribusi bahan pokok makin terpusat ke pemasok besar harga di;sosmedkeras
253;kepala bgn menyebut ratarata iq indonesia dan menargetkan peningkatan lewat program makan bergizi gratis program ini fokus pada hari pertama dan usia sekolah untuk mencegah stunting serta mendukung tumbuh kembang baca selengkapnya rk;kompascom
254;kepala badan gizi nasional bgn dadan hindayana mengatakan pemerintah melakukan intervensi menyeluruh kepada anakanak indonesia melalui program makan bergizi gratis mbg baca selengkapnya di ac;kompascom
255;momen haru perpisahan siswa yg putus sekolah karena faktor ekonomi di tengah besarnya anggaran program seperti makan bergizi gratis mbg yang mencapai triliunan rupiah realitas di lapangan justru menunjukkan cerita yang berbeda ikhsan siswa kelas viii di smp negeri;NenkMonica
256;seorang santri yatim bernama muhammad zainuddin alwi merasakan manfaat program makan bergizi gratis mbg setelah bergabung di dapur sppg klodran sejak melalui pekerjaannya ia memperoleh penghasilan untuk membantu keluarga sekaligus menambah keterampilan sebagai bekal di;antaranews
257;harga sayur stabil petani boyolali dukung keberlanjutan mbg boyolali april program makan bergizi gratis mbg mulai berdampak pada stabilitas harga sayur di tingkat petani di boyolali karisudin petani di kecamatan selo menyebut komoditas seperti bawang merah kini;BangPino__
258;di balik senyum anakanak ada harapan besar untuk negeri ini polri turut mendampingi program makan bergizi gratis sebagai bentuk kepedulian terhadap tumbuh kembang generasi bangsa polri terus menjamin ketahanan pangan masyarakat dan;bidhumas_jatim
259;diterpa masalah bertubitubi uya kuya kembali harus menghadapi ujian baru setelah sebelumnya rumahnya sempat dijarah akibat hoax yang viral ia lagilagi jadi sasaran kabar bohongkali ini dituding memiliki dapur program makan bergizi gratis mbg situasi ini membuat;VIVAcoid
260;program makan bergizi gratis mbg yang digulirkan presiden prabowo subianto memberikan dampak positif bagi pelaku usaha kecil di daerah salah satunya dirasakan oleh sholikin perajin tempe asal desa semen kabupaten ngawi jawa timur yang mencatat peningkatan produksi;abu_waras
261;lonjakan biaya ukt di ptn saat ini menjadi ancaman nyata yang mengubah pendidikan tinggi dari hak warga negara menjadi privilege kelompok elite ketika anggaran pendidikan justru dialokasikan untuk program makan bergizi gratis mbg negara tampak sedang melakukan kebijakan;kenhans03
262;dulu cuma makan nasi sama garam sekarang anakanak bisa menikmati buah susu dan makanan bergizi berkat program mbg perubahan kecil yang membawa harapan besar untuk masa depan generasi bangsa pagii;BenaDinata01
263;efektivitas makan bergizi gratis terlihat dari dampak positif yang dirasakan langsung oleh masyarakat;RosaJaanne
264;kepala badan gizi nasional bgn dadan hindayana meluruskan bahwa pernyataannya terkait kebutuhan ekor sapi untuk program makan bergizi gratis mbg hanya merupakan simulasi atau pengandaian perhitungan baca selengkapnya di ac;kompascom
265;hanya simulasi terkait kenutuhan daging sapi dalam program mbg kepala badan gizi nasional bgndadanhindayanamengklarifikasi pernyataannya yang menyebut kebutuhan daging sapi dalam program makan bergizi gratis mbg mencapai ribu ekor per hari dadan mengatakan angka;Jateng_Twit
266;program tersebut mewajibkan dapur pelaksana makan bergizi gratis mbg memiliki sejumlah sertifikasi seperti laik higiene halal dan hazard analysis and critical control point haccp guna menjamin kualitas dan keamanan pangan namun anggota dpr ri irma suryani chaniago;Jateng_Twit
267;isu ribu sapi untuk mbg disorot bgn jelaskan kenapa daging jarang muncul pernyataan kepala badan gizi nasional bgn dadan hindayana soal ribu ekor sapi untuk program makan bergizi gratis mbg sempat menuai sorotan pasalnya menu daging sapi dinilai jarang muncul;Melihat_Indo
268;mbg makan bergizi gratis kalau yang buat ai gpt dengan codex berasa banget aura nasionalismenya bandingkan sama web bgn disebelah kanan;F2aldi
269;versi online bisa check disini disclaimer juga ini ga dibayar bukan official juga yaa;F2aldi
270;dadan menyebut pihaknya tidak mungkin bekerja sendirian dalam proses pengadaan ini ia menepis isu bahwa pengadaan motor listrik untuk program makan bergizi gratis dilakukan secara sepihak tanpa persetujuan kementerian keuangan gt yang benar mana nih;King_PWS_
271;program makan bergizi gratis menjadi wujud nyata transformasi gizi bangsa memperkuat pilar mbg yang kokoh dalam menciptakan generasi sehat cerdas dan berkualitas sebagai fondasi masa depan indonesia;Vifirukmini
272;program makan bergizi gratis mbg memang datang dengan tantangan besar dari distribusi yang kompleks risiko keamanan pangan sampai beban anggaran negara yang tidak sedikit tapi tujuannya satu meningkatkan kualitas manusia indonesia dari hal paling dasar gizi prof arif;kompascom
273;wkwkwkwk rakyat harus terus kekurangan gizi agar program makan bergizi gratis mbg tetap relevan selama tahun;salam4jari
274;kepala badan pengawas obat dan makanan bpom ri taruna ikrar mengakui belum pernah sama sekali melakukan uji sampling program makan bergizi gratis sejak program tersebut berjalan;blue_berets7
275;program mbg dorong rantai pasok lokal budidaya lele jadi tulang punggung blora april program makan bergizi gratis mbg tidak hanya berperan dalam meningkatkan asupan gizi masyarakat tetapi mendorong terbentuknya rantai pasok pangan lokal berbasis komunitas;NenkMonica
276;kolaborasi lintas sektor mempercepat pelaksanaan program makan bergizi gratis mbg;kenzoo_46
277;rakyat butuh solusi yang langsung terasa di perut dan dompet program makan bergizi gratis ini bukti kalau pemerintah nggak mainmain soal kesejahteraan dari akar rumput nggak perlu banyak gaya yang penting kerja nyata el rumi syifa hadju manohara;AnggelaTijam
278;personel babinsa jajaran kodim sidrap melaksanakan kegiatan pendampingan penyaluran program makan bergizi gratis di wilayah kabupaten sidrap senin;1420_sidrap
279;makan bergizi gratis investasi masa depan bangsa;cingaran
280;berkat program makan bergizi gratis ia bisa makan sehat tanpa biaya harapannya program ini terus berlanjut karena sangat berdampak nyata bagi kesehatan dan kebahagiaan siswa di seluruh indonesia;asepopek
281;guys ada pernyataan dari appmbgi yang menurut gue adalah salah satu yang paling perlu dikritisi dengan sangat teliti hari ini appmbgi asosiasi pengusaha dan pengelola dapur makan bergizi gratis indonesia baru saja mengklaim dua hal sekaligus satu mbg berjalan mulus tanpa;LambeSahamjja
282;rk bgn jagonya bikin program makan bergizi gratis rumah bersubsidi eksklusif yang gratis buat anak yang subsidi buat pegawai yang nggak dapet apaapa guru yang ngajarin anak terlalu asuuu;Alitt4mb3ng
283;sampang seorang warga mengabarkan bahwa sejumlah murid sdn bira tengah sokobanah sampang mengalami reaksi alergi kulit setelah mengonsumsi menu makan bergizi gratis mbg pada rabu;M3di4Upd4t3
284;yang nulis program makan bergizi mengambil anggaran pendidikan dan kesehatan bukan saya tapi buku ini;zanatul_91
285;garing program makan gratis nabi sulaiman juga gagal pada akhirnya;nbsjbmvtjbob
286;baca di sini wakil kepala badan gizi nasional bgn bidang komunikasi publik dan investigasi nanik sudaryati deyang menjelaskan kronologi meninggalnya seorang balita di cianjur jawa barat yang disebut karena mengonsumsi makan bergizi gratis mbg ac;kompascom
287;fokus mbg diperjelas untuk memastikan program makan bergizi gratis benarbenar tepat sasaran bagi anak yang paling membutuhkan dan memberi dampak nyata bagi generasi sehat indonesia;AngkasaAyani
288;yang penting mbg makan bergizi gratis;AkbarGID
289;suplai dapur mbg di jabodetabek omzet pedagang buah di pasar kramat jati meroket jakarta gandi fanani salah satu pedagang buah di pasar kramat jati jakarta timur merasakan peningkatan penjualan sejak kehadiran program makan bergizi gratis mbg pada awal tahun;RadioElshinta
290;program makan bergizi gratis mbg turut mendorong peningkatan permintaan bahan pangan lokal;RadioIdolaSMG
291;polres tabalong bagikan makan bergizi gratis wujud nyata kepedulian untuk generasi muda polres tabalong melalui satuan pelayanan pemenuhan gizi sppg sebagai wujud kepedulian terhadap kesehatan generasi muda dengan mendistribusikan;im_utuhslebew
292;program makan bergizi gratis bukan hanya soal kuantitas tapi kualitas yang utama endipat wijaya turun langsung ke batam untuk memastikan operasional dapur bergizi berjalan sesuai standar higienis dan nutrisi yang telah ditetapkan;Arziky28067
293;data akurat program tepat sasaran bersama kita perkuat sinergi untuk keberhasilan program makan bergizi gratis netimistifa;Valenti54333161
294;program makan bergizi gratis mbg mengubah nasib daniel rio ananta mantan kernet buah lepas di surakarta menjadi juru masak berpenghasilan tetap di sppg manahan setelah menemukan lowongan melalui media sosial daniel memulai karier sebagai petugas kebersihan lalu naik;antaranews
295;dukung makan bergizi gratis anak sehat hari ini masa depan bangsa lebih kuat investasi terbaik untuk generasi emas;windawardani99
296;hmmm makan seafood sih karena hidup di laut kalau hidupnya hidup jokowi itu termasuk makan bergizi gratis;MukaPakKusir
297;prabowo evaluasi program makan bergizi gratis agar lebih tepat sasaran fokus mbg diperjelas;citrakiran22
298;pemerintah melakukan evaluasi menyeluruh untuk memastikan program makan bergizi gratis tepat sasaran dan lebih efektif fokus mbg diperjelas;citrakiran22
299;kebijakan prabowo gas pol makan bergizi amp infrastruktur di ini pak prabowo emang lagi kencengkencengnya ngejalankan program makan bergizi gratis targetnya nggak mainmain mau nyentuh puluhan juta anak secara bertahap masalahnya program ini butuh duit gede banget;Taufiqkardians1
300;menteri koordinator bidang pemberdayaan masyarakat abdul muhaimin iskandar mengatakan bahwa program mbg merupakan salah satu program prioritas pemerintah yang paling berdampak bagi masyarakat luas yang paling berdampak tentu program makan bergizi gratis kata menko muhaimin;antaranews
301;dukungan masyarakat sangat diperlukan agar program makan bergizi gratis berjalan optimal melalui fokus mbg diperjelas pelaksanaan program dapat lebih terarah transparan dan memberikan manfaat nyata bagi penerima;kellytiemikino
302;program makan bergizi gratis mbg turut mendorong peningkatan ekonomi pedagang di pasar kramat jati jakarta timur dengan naiknya permintaan buah untuk kebutuhan dapur mbg di wilayah jabodetabek salah satu pedagang gandi fanani mengaku tokonya kini menyuplai buah ke;antaranews
303;ada saja ya akalnya orang yg makan duit bergizi gratis;sobatkadrun
304;baca di sini mobil pengangkut program makanan bergizi gratis mbg menabrak tiga rumah warga di jalan raya desa donomulyo malang setelah hilang kendali pada senin polisi memastikan tidak ada korban jiwa dalam kecelakaan tersebut namun;kompascom
305;rpt cuma buat aplikasi absensi mbg proyek it makan bergizi gratis disorot karena anggarannya dinilai terlalu besar pemerintah bilang sistem sipgn iot dibutuhkan agar distribusi tepat sasaran dan cegah penyalahgunaan;CapitalInsight_
306;makan basi gratis ga usah pemerintah di mana klo makanan udh basi jangankan dikasih gratis dibuang klo perlu ini jelas anggaran duit rakyat tujuannya bergizi ternyata basi untung sekolah skrg lbh teliti kalo ga keracunan massal lagi sampai kapan ini;Jelli_cent
307;masa depan generasi muda lagi trending katanya cerah sama program pemerintah tapi realitanya anak muda sekarang lebih sibuk jadi zombie scroll  daripada bangun negara program makan bergizi gratis bagus tapi besok generasi kita yang bayar hutangnya siapa yang bikin masa;butoable
308;gizi tercukupi kualitas diawasi ketat distribusi dipantau secara digital dan ekonomi lapisan paling bawah ikut terangkat program makan bergizi gratis adalah paket lengkap untuk masa depan;TasyaFahira18
309;bangfu basi yg jelas kalo kita komplen bakal ditanggepin dan ga ada tu mangkas duid pendidikan demi makan yg katanya bergizi gratis orang mereka juga berpendidikan;I_am_bystander_
310;makan bergizi gratis dirombak presiden prabowo fokus mbg diperjelas;changoleona3011
311;bukan lagi sekadar pembagian luas kini fokus mbg diperjelas pemerintah melakukan evaluasi menyeluruh agar program makan bergizi gratis memprioritaskan anakanak yang kurang gizi dan berisiko stunting mari dukung langkah ini agar manfaatnya benarbenar tepat sasaran;Perjuangan52435
312;menteri koordinator pemberdayaan masyarakat menko pm muhaimin iskandar atau cak imin mengatakan program makan bergizi gratis mbg menjadi salah satu yang berdampak untuk menekan angka kemiskinan ekstrem hal itu dia ungkapkan usai rapat evaluasi;Bisniscom
313;kabar duka datang dari kabupaten cianjur jawa barat setelah seorang balita berinisial mab disebut meninggal dunia usai menyantap menu makan bergizi gratis mbg;bagindo_kopi
314;program makan bergizi gratis mbg tidak hanya berperan dalam meningkatkan asupan gizi masyarakat tetapi mendorong terbentuknya rantai pasok pasar lokal berbasis komunitas seperti di kelurahan punden kabupaten blora jawa tengah budidaya lele yg dikelola koperasi warga kini;FirzaHusain
315;pemerintah terus mengevaluasi dan meningkatkan kualitas layanan program makan bergizi gratis;CekFakta73
316;lihat senyum anak ini saat menerima bantuan makanan bergizi dari program mbg bgn trs berupaya agar distribusi makanan bergizi gratis tepat sasaran ke penduduk miskin amp daerah rawan pangan tiap piring makanan yg terdistribusi adlh harapan baru utk masa depan yg lebih sehat;neng6mei
317;andai saja ceo embegeh itu lebih memprioritaskan pendidikan seperti mas pram ini daripada makan siang bergizi gratis tapi bnyk tidak bergizinya dan tidak gratis juga karena itu duit pajak rakyat yg berakhir di jamban;Inie_UtyCute
318;sobatkom program makan bergizi gratis mbg bukan hanya tentang pemenuhan gizi tetapi juga tentang membangun ekosistem yang berkelanjutan;kemkomdigi
319;pemerintah menghentikan sementara operasional satuan pelayanan pemenuhan gizi sppg setelah ditemukan adanya pengurangan porsi dalam pelaksanaan program makan bergizi gratis langkah ini diambil sebagai bentuk evaluasi dan penegakan standar guna memastikan kualitas serta;idx_channel
320;apa alasannya makan siang gratis di china efektif sedangkan makan siang gratis di indonesia masih terbilang belum efektif apakah karena kita baru menjalankan program ini atau karena hal lain bukan tapi lebih karena indonesia tidak tau diri coba lihat berapa apbn nya china;KapudS640
321;program makan bergizi gratis mbg berdampak positif bagi gizi siswa namun memicu keprihatinan terkait beban kerja guru dan ketimpangan gaji guru seringkali harus mengawasi distribusi makan bahkan ada laporan gaji honorer jauh di bawah staf pendukung program di jakarta;wartadewan
322;nxttou apbn total anggaran pendidikan mencapai sekitar rp triliun masih memenuhi amanat apbn dari jumlah tersebut porsi yang cukup besar dialokasikan ke badan gizi nasional bgn untuk menjalankan program makan bergizi gratis mbg yaitu sekitar rp triliun;AkmalIbadah
323;bagaimana jika program makan bergizi gratis justru menciptakan wabah yang mengubah anakanak sekolah menjadi pemangsa manusia kami sedang menggarap film pendek berjudul jam makan siang sebuah cerita tentang kebijakan yang dipaksakan anggaran yang dipotong dan;ipiiiiiiiiiiiin
324;pemerintah memperkuat implementasi program makan bergizi gratis melalui integrasi sistem digital guna memastikan ketepatan sasaran efisiensi distribusi dan transparansi endtoend;benteng_pertiwi
325;personel babinsa jajaran kodim sidrap melaksanakan kegiatan pendampingan penyaluran program makan bergizi gratis di wilayah kabupaten sidrap selasa;1420_sidrap
326;mbg harus tepat sasaran wakil gubernur banten achmad dimyati natakusumah menegaskan program makan bergizi gratis mbg harus dijalankan dengan orientasi sosial fokusnya jelas program ini untuk pemenuhan gizi masyarakat bukan untuk kepentingan bisnis hal yang perlu dijaga;banten_pemprov
327;sebelumnya mbg sempat dijalankan hingga hari di sejumlah daerah lalu diseragamkan menjadi hari mengikuti hari sekolah kini kembali disesuaikan menjadi hari dengan pertimbangan efektivitas distribusi serta efisiensi anggaran negara;DiskursusNet
328;program makan bergizi gratis mbg kini disesuaikan menjadi hari dalam seminggu kebijakan ini merupakan bagian dari penajaman anggaran agar program tetap berjalan namun lebih efisien dan terukur;DiskursusNet
329;program makan bergizi gratis ini ironis anggaran besar niatnya bantu yang paling membutuhkan tapi yang kenyang malah yang bukan yang membutuhkan menurut riset program ini dari awal belum matang dan sekarang makin kelihatan implementasinya melenceng;bangherwin
330;program makan bergizi gratis di sman kota tegal kembali berjalan setelah sempat terhenti selama satu bulan melalui sppg polri kejambon kota tegal sebanyak siswa kembali menerima asupan makanan bergizi pada penyaluran perdana program tersebuthan;RadioElshinta
331;karena itu di ruang publik dari tema makan bergizi gratis ketimpangan sosial sekolah rakyat hingga geopolitik dll;budimandjatmiko
332;jalanpejuang ya sudah kalau prioritas berhemat maka hentikan saja program beranggaran besar jika prioritas untuk pemenuhan gizi ya mana cukup bergizi jika hanya diberi makan kali per minggu padahal dalam sehari butuh makan kali sehari;KangHendro2
333;setiap hari jam wib umum santunan anak yatim tiap hari gratis makan bergizi rumah yatim hafiz open donatur bca kcu kalimalang norek an trisnosri utami instagram;TrisnoPasuruan
334;innalillahi wa inna ilaihi rojiun kabar duka datang dari kabupaten cianjur setelah seorang balita berinisial mab dilaporkan meninggal dunia usai mengonsumsi menu makan bergizi gratis mbg korban merupakan satu dari warga kecamatan leles yang mengalami keracunan massal;MurtadhaOne1
335;nkr buzzer mbgprogram yg habisin apbn hny utk sekali makan itupun jauuuh dr yg lu katakan bergizi tinggi air rasa susu buah sepotong paha ayam ca sayuran semangkuk kecil nasilu pikir bisa penuhi gizinya smtr ayah dphk sebabkan ayah ibu  kakakny lapar drmh are  happy;wahyu_djanti88
336;dunia kini menoleh ke indonesia sebuah pencapaian membanggakan bagi badan gizi nasional bgn di mana negaranegara asean kini resmi menjadikan program makan bergizi gratis mbg indonesia sebagai model percontohan tingkat regional;SuaraRI80
337;mbg tahun program gizi diminta berlanjut lintas pemerintahan asosiasi pengusaha dan pengelola dapur makan bergizi gratis appmbgi mendorong agar program makan bergizi gratis mbg bisa berjalan hingga tahun ke depan;BorobudurNews_
338;prabowo berhalusinasi soal mbg pernyataan prabowo yang mengklaim program makan bergizi gratis mbg indonesia jauh lebih unggul daripada program serupa di jepang dan eropa sungguh mencengangkan dengan menyebut distribusi miliar porsi dan tingkat keracunan hanya;anneserlo
339;perut kenyang prestasi datang lewat program makan bergizi gratis mbg kebutuhan nutrisi anakanak terpenuhi dengan baik;olieverra
340;program makan bergizi gratis mbg;Saganewsid
341;di papua mbg bukan sekadar makan siang gratis program ini bikin semangat sekolah naik siswa makin rajin datang dan mimpi anakanak makin dekat digapai perut kenyang semangat terbang;cthia12394781
342;program makan bergizi gratis mbg terbukti membawa dampak nyata di pesisir danau sentani papua kehadiran program ini bikin para siswa makin semangat berangkat ke sekolah gak cuma soal nutrisi tapi juga memicu motivasi belajar demi meraih citacita;alief_abe
343;mbg bukan cuma soal makan gratis tapi game changer buat anakanak papua mereka jadi lebih rajin ke sekolah lebih fokus belajar karena nggak lagi lapar ditambah menu yang lezat dan bergizi bikin semangat belajar makin naik;RD_4WR1212
344;saat di dalam negeri masih banyak yang ragu asean justru sudah mulai melirik dan belajar dari program makan bergizi gratis mbg indonesia;Inullnj
345;mbg makan bergizi gratis menerapkan prinsip variasi menu agar kebutuhan nutrisi anak terpenuhi secara beragam variasi ini penting untuk mencegah kebosanan sekaligus memastikan asupan gizi lebih lengkap;1okkROCK
346;pemerintah memastikan bahwa setiap rupiah dalam anggaran makan bergizi gratis digunakan secara transparan dan akuntabel;rafaeljohnii
347;keberlanjutan program makan bergizi gratis adalah tanggung jawab bersama demi mewujudkan indonesia yang lebih hebat;cufyacatro
348;program makan bergizi gratis tidak hanya memberi makan tapi juga mengedukasi siswa tentang pentingnya pola makan sehat seumur hidup;cufyacatro
349;ekonom malaysia menyebut program makan bergizi gratis sebagai investasi besar bagi masa depan tepat sekali karena anak yang sehat dan tercukupi gizinya hari ini adalah tenaga produktif dan generasi unggul di masa depan;xquitavee
350;kepala bgn ajak kampus bangun dapur makan bergizi gratis;GoRiauCom
351;program makan bergizi gratis mbg ternyata punya dampak luar biasa di papua di wilayah pesisir danau sentani semangat anakanak untuk bersekolah meningkat drastis;Wage_Esuk
352;program makan bergizi gratis terbukti efektif meningkatkan kepuasan dan kesejahteraan masyarakat;RosaJaanne
353;kebijakan makan bergizi gratis menghadirkan manfaat nyata bagi peningkatan kualitas hidup masyarakat;RosaJaanne
354;pemerintahan prabowogibran menunjukkan efektivitas program melalui makan bergizi gratis yang dirasakan langsung oleh masyarakat;RosaJaanne
355;program makan bergizi gratis menjadi solusi nyata dalam meningkatkan kesejahteraan dan kualitas gizi masyarakat;RosaJaanne
356;ekonom global asal malaysia shan saeed menilai program makan bergizi gratis mbg bukan sekadar bantuan sosial melainkan investasi besar bagi masa depan indonesia;Wage_Esuk
357;efektivitas makan bergizi gratis terlihat dari meningkatnya kepuasan masyarakat terhadap program pemerintah;RosaJaanne
358;presiden prabowo subianto meninjau langsung hasil revitalisasi sekolah serta pelaksanaan program makan bergizi gratis mbg di sman cilacap pada rabu prabowo melihat kondisi fasilitas sekolah pasca revitalisasi serta berinteraksi dengan siswa dan tenaga pendidik;Beritasatu
359;program makan bergizi gratis memberikan dampak positif bagi kesejahteraan masyarakat secara luas;JulieMarshaa
360;makan bergizi gratis menjadi bukti nyata program pemerintah yang efektif dan dirasakan manfaatnya;JulieMarshaa
361;program makan bergizi gratis mendukung peningkatan kesejahteraan masyarakat melalui akses gizi yang lebih baik;JulieMarshaa
362;efektivitas program makan bergizi gratis menunjukkan komitmen pemerintah dalam meningkatkan kepuasan publik;JulieMarshaa
363;program ini investasi sumber daya manusia bukan beban yang harus dipangkas sembarangan lebih baik cari efisiensi di tempat lain daripada potong hak anakanak makan bergizi;virginiepw
364;asean mulai melirik indonesia justru melangkah lebih dulu dari program makan bergizi kita bukan cuma bergerakkita jadi inspirasi dulu diragukan sekarang jadi rujukan dari lokal untuk regional dari ide jadi solusi nyata;kimiriarika
365;indonesia kini bukan lagi pengikut tapi trendsetter gizi di asia tenggara program makan bergizi gratis mbg jadi bukti nyata bahwa manajemen bangsa kita mampu jadi kiblat bagi negara tetangga dari indonesia untuk asean;asepxnj3
366;program makan bergizi gratis yang dianggap beban negara oleh sekelompok orang ternyata adalah harapan bagi anak anak indonesia dan penerima manfaat lainnya melihat besarnya harapan maka adalah pilihan terbaik bekasi pppa munchen liga champions nih;Aprilia_wiji
367;manfaat program makan bergizi gratis itu mampu menekan gangguan belajar akibat rasa lapar dan siswa dapat lebih fokus untuk menyimak pelajaran;tXtsebarinfo
368;cukup masjid pas jumat an atau minggu pagi kasih makan gratis dr infak donatur mbg dr negara kan dr pajak lebih baik pajak utk membangun infrastructure yg rusak di daerah dan menciptakan iklim ekonomi yg kondusif shg ortu bs mmberikan makan bergizi amp menyekolahkan anaknya;SukaBaca2000
369;program makan bergizi gratis sukses besar jutaan penerima manfaat lapangan kerja kebuka ekonomi lokal stonks;Fitri4Astiana
370;program makan bergizi gratis di banten terus membuktikan hasil nyata lebih dari juta penerima manfaat ribuan lapangan kerja terbuka dan ekonomi lokal bergerak gizi terpenuhi generasi banten makin kuat;mahardikaagh
371;program makan bergizi gratis mbg bukan cuma soal makan gratis badan gizi nasional bgn menyebut program ini ikut mendorong perputaran ekonomi daerah lewat anggaran jumbo rp triliun;periskopid
372;gak cuma kasih makan tapi juga kasih kepastian dengan evaluasi ini program makan bergizi gratis makin transparan dan akuntabel kita dukung penuh;GathanRasy59309
373;presiden subianto melakukan inspeksi mendadak terhadap hasil revitalisasi sekolah serta pelaksanaan program makan bergizi gratis mbg di sman cilacap jawa tengah rabu;kangdede78
374;menuju masa depan yang lebih sehat program makan bergizi gratis mbg di tahun fokus pada anakanak dalam seribu hari pertama kehidupan bersama kita pastikan gizi yang tepat sasaran;KabarNegeri_
375;selengkapnya;tempodotco
376;senyum anakanak papua merekah berkat program makan bergizi gratis kini mereka lebih bersemangat berangkat sekolah dan belajar karena asupan gizi yang terjamin harapan baru sedang tumbuh di bumi cendrawasih untuk masa depan indonesia yang lebih cerah;oxrth_
377;program makan bergizi gratis di sukoharjo membuka pintu inklusivitas rohmat riyadi seorang penyandang disabilitas kini punya penghasilan tetap dengan bekerja di dapur mbg bukti nyata bahwa program ini membawa manfaat ekonomi dan martabat bagi sesama;nanaenaaa_
378;indonesia kembali membuktikan kepemimpinannya di kancah regional melalui program makan bergizi gratis mbg kita tidak hanya membangun generasi emas di dalam negeri tapi juga menjadi kiblat gizi bagi negaranegara tetangga di asean;Feliciapoet
379;anggota dpr ri fraksi gerindra maruf mubarok gus mamak melakukan kunjungan kerja pengawasan ke sppg jatirejoyoso malang kunjungan ini bertujuan memastikan kualitas dan standar program makan bergizi gratis mbg terjaga demi kesejahteraan masyarakat;BeritaTerbaaru
380;program makan bergizi gratis mbg yang didorong asosiasi pengusaha dapur buat lanjut sampai tahun ini bikin gelenggeleng apalagi kalau anggarannya segede itu;sejutainfo2025
381;di tengah keraguan dalam negeri justru kawasan asean mulai melirik dan belajar dari indonesia program makan bergizi gratis mbg kini tak lagi sekadar inisiatif nasional tetapi telah menjadi contoh praktik terbaik yang dibagikan ke berbagai negara di asia;AldhyOhrlla12
382;banten juta menerima program makan bergizi ayo dukung;BImamudin956
383;makan bergizi gratis mbg beneran jadi harapan baru buat adekadek di papua liat deh senyum mereka pas makan jadi makin semangat sekolah amp belajar programnya gacor parah buat masa depan anak bangsa;NinaUlezzz
384;makan bergizi gratis bukan sekadar bantuan tetapi bagian dari transformasi gizi bangsa yang diperkuat oleh pilar mbg kuat untuk meningkatkan kualitas sdm;EHoschek22710
385;siswa terlihat sangat bahagia menyambut program makan bergizi gratis karena membantu pemenuhan nutrisi mereka setiap hari sekolah demi mewujudkan generasi;jinkyong281562
386;kayanya kalo aku masih kuliah bakalan ambil judul skripsi implementasi kebijakan program makan bergizi gratis mbg dalam perspektif good governance di indonesia tapi abis itu mati karna penguji ketua prodi terus penguji wakil ketua prodi magister langsung mati ditempat sy;sptnism_
387;babinsa letawa pastikan program makan bergizi tepat sasaran penerima manfaat terlayani;1427_kodim
388;siapa yg ngotot ingin hentikan mbg tentu lawan politik yg kalah pilpres lalu sekarang anak sekolah makin goat belajar krn dapat makan bergizi gratis;anisadina99
389;reaksi haru siswa saat mengira program berakhir menunjukkan betapa berartinya makan bergizi gratis bagi mereka program ini nyata membantu meringankan beban ekonomi keluarga di sekolah bekasi turut ka argo bromo anggrek;KaylaSwatantri
390;kunjungan tersebut untuk meninjau hasil revitalisasi bangunan sekolah sekaligus mengecek pelaksanaan program makan bergizi gratis mbg;mediaindonesia
391;kerjasama strategis dapur mitra memastikan setiap sarana prasarana yang digunakan sudah standar operasional terbaik demi menjamin keberhasilan program makan bergizi gratis untuk generasi masa depan;zilvoria
392;jangan hari sabtu doang hapus makan bergizi gratis udah anggaran bakal selamat;fanisacharm
393;bismillah kepada yth pimpinan kpk ppatk serta menkeu apakah benar program mbg makan bergizi gratis adlh proyek yg lebih dikuasai anggota dewan kepolisian aparatur negara individu yg memiliki akses ke lingkaran penguasa tolong dilakukan audit amp investigasi;AssegafAlbar
394;bukan sekadar makan gratis banyak yang tanya kenapa sih mbg makan bergizi gratis jadi kunci buat masa depan indonesia jawabannya simpelt perut kenyang otak cemerlang kesenjangan pun berkurang;JKT_hariesok
395;makan bergizi gratis;kyoukai691
396;gonku iki asli makan bergizi gratis duduk makan beracun gratis dannn gk pake duit pajak masake;annebolleyn_
397;program mbg prabowo dibilang konyol amp dzalim oleh kh marzuki mustamar masa anak orang kaya di sekolah elit dipaksa makan siang gratis standar ribu bisabisa cuma diliatin doang anggaran negara kok dipaksain buat yang gak butuh;YudhaShanny2
398;dukung program makan bergizi gratis;nagaredno
399;kh marzuki mustamar blakblakan sebut program makan gratis prabowo itu dzalim kalau dipaksakan rata ke semua sekolah anak elit kok dikasih makan standar rakyat jelata jgn sampai anggaran rakyat cuma jadi bahan mencari celah korupsi bekasi mei;YudhaShanny2
400;presiden prabowo subianto menegaskan bahwa hingga saat ini banyak negara belajar program makan bergizi gratis mbg karena pemerintah indonesia melalui kebijakan itu mampu melayani lebih dari juta penerima manfaat secara rutin;ANTARABengkulu
401;gus mamak tinjau dapur mbg di malang pastikan program akan bergizi gratis berjalan sesuai standar bekasi jule yordania;tukang_sate1903
402;gus mamak tinjau dapur makan bergizi gratis di malang bekasi jule yordania;WiwitAntuni
403;yang dibutuhkan rakyat itu lapangan kerja pendidikan gratis buat anaknya pak kalau orang tuanya pada kerja pasti mereka mampu kasih makan anaknya bahkan bisa lebih bergizi drpd yg dikasih anda;MamangReborn
404;sidang mk pihak terkait sebut mbg konstitusional dan bagian dari pendidikan nasional jakarta pihak terkait dalam sidang uji materi pasal ayat beserta penjelasannya dalam undangundang nomor tahun tentang apbn menegaskan bahwa program makan bergizi gratis;RadioElshinta
405;kesehatan masyarakat adalah prioritas utama melalui instruksi tegas presiden prabowo subianto badan gizi nasional kini memperketat pengawasan terhadap seluruh dapur program makan bergizi gratis mbg;lmillerthriller
406;prabowo subianto menegaskan program makan bergizi gratis mbg akan terus dilanjutkan hingga selesai meski diakui masih ada kekurangan yang akan diperbaiki ia menyebut program tersebut sudah memberikan dampak terutama bagi petani dan nelayan karena hasil produksi mereka kini;kumparan
407;pemerintah terus memperkuat komitmen dalam menjaga kepercayaan publik melalui perbaikan program makan bergizi gratis langkah ini dilakukan untuk memastikan kualitas akuntabilitas dan keberlanjutan program tetap terjaga demi peningkatan gizi masyarakat;VokalRakyat
408;dalam kunjungan kerja ke sma negeri cilacap presiden subianto menyapa langsung para siswa beliau dgn senang hati mencicipi kue hasil usaha siswa sekaligus meninjau pelaksanaan program makan bergizi gratis mbg dan revitalisasi sekolah tak hanya mencicipi presiden;kangdede78
409;gus mamak turun langsung meninjau kesiapan dan kebersihan dapur program makan bergizi gratis mbg di malang bukan sekadar meninjau beliau ingin memastikan bahwa setiap piring yang tersaji mengandung gizi seimbang dan diolah dengan standar higienitas yang tinggi;Arziky28067
410;presiden prabowo subianto menyampaikan kebermanfaatan program prioritas makan bergizi gratis mbg dan koperasi desakelurahan merah putih kdkmp dalam sambutannya di cilacap rabu terkait mbg ia menjelaskan bahwa banyak negara kini menjadikannya referensi karena;Metro_TV
411;min peenah denger program yg dia kasih nama makan bergizi gratis;aysareed
412;kepala badan gizi nasional bgn mendorong perguruan tinggi ikut terlibat dalam pembangunan dapur program makan bergizi gratis mbg kampus dinilai memiliki sumber daya pengetahuan dan kapasitas untuk membantu memperluas jangkauan sekaligus meningkatkan kualitas pelaksanaan;wartadewan
413;baca di sini kepala badan gizi nasional dadan hindayana menyatakan program studi gizi kini sangat diminati seiring besarnya kebutuhan tenaga ahli untuk program makan bergizi gratis mbg setiap unit satuan pelayanan pemenuhan gizi wajib memiliki;kompascom
414;program makan bergizi gratis terbukti membuka banyak lapangan kerja baru bagi para ahli gizi di seluruh pelosok indonesia demi menjamin kualitas asupan anak bangsa phuwin tommyhilfiger my;venusdocxx
415;anggaran program makan bergizi gratis mbg berpotensi menjadi beban bagi generasi yang menikmatinya saat ini di masa depan terutama jika pendanaannya bersumber dari utang negara yang menumpuk mereka yang suka adalah mereka yg bodoh yg tidak paham beban mereka di masa depan;Hyuga_2018
416;presiden prabowo subianto menegaskan bahwa hingga saat ini banyak negara belajar program makan bergizi gratis;zahrudin194245
417;konstitusi kita unik apbn wajib untuk pendidikan tapi kenapa sekarang mau dirampok buat program makan bergizi gratis para ahli hukum sudah bersuara di mk ini inkonstitusional jangan sampai dana masa depan anak bangsa dipangkas demi kepentingan pragmatis atwogang;YudhaShanny2
418;postverzet program makan bergizi gratis seharusnya melindungi hak gizi anakanak indonesia namun kasus keracunan massal menunjukkan lemahnya pengawasan dan regulasi di era prabowo subianto negara wajib memastikan makanan yang aman pengawasan yang ketat dan sanksi tegas;LPMJustissica
419;insentif sppg rp juta per hari dukung operasional dapur dan standar gizi demi sajian makan bergizi gratis berkualitas setiap hari bagi anakanak krl commuter line diana pungky jule bekasi yordania yaman;soofivyn
420;makan bergizi gratis sangat berarti bagi siswa membantu kecukupan nutrisi sekaligus meringankan beban ekonomi keluarga di rumah secara nyata krl commuter line diana pungky jule bekasi yordania yaman;soofivyn
421;program makan bergizi gratis mbg bukan cuma soal pemenuhan gizi presiden prabowo subianto tegaskan program ini akan terus diperbaiki dan diperluas;andora44
422;prodi gizi melejit kepala bgn sebut dampak program mbg makin terasa program makan bergizi gratis mbg tak hanya berdampak pada peningkatan kualitas kesehatan masyarakat tetapi juga mulai mengubah tren di dunia pendidikan kepala badan gizi nasional bgn dadan hindayana;Melihat_Indo
423;mbg kembali makan korban ratusan siswa di klaten diduga keracunan sampai kapan program negara jadi ancaman klaten program makan bergizi gratis mbg kembali menjadi sorotan setelah ratusan siswa dan guru di kecamatan tulung kabupaten klaten diduga mengalami keracunan;papua_muslim95
424;reaksi haru siswa ini bukti mbg sangat berarti program ini nyata membantu ekonomi keluarga dan memastikan anak tetap makan bergizi jule diana pungky andrie perthsanta cmi love infinity yordania yaman collectible card;aliciaaach
425;program makan bergizi gratis mbg yang dikembangkan pemerintah mulai mendapat pengakuan regional dan dibagikan sebagai praktik terbaik di kawasan asean;NVoxis
426;dibilang konyol justru ini program yang nyentuh kebutuhan paling dasar makan bergizi itu bukan hal sepele;Momoyotojaa
427;data realtime kini jadi kunci distribusi makan bergizi gratis yang lebih tepat sasaran untuk seluruh anak indonesia demi mewujudkan generasi masa depan yang kuat pond with itsskin mp front camera biore uvxstray kids diana pungky;diandramozanika
428;pemerintah menggandeng perguruan tinggi untuk memperluas jangkauan program makanan bergizi gratis melalui dapur berbasis kampus demi menciptakan generasi muda yang jauh lebih sehat dan cerdas pond with itsskin mp front camera biore uvxstray kids diana pungky;diandramozanika
429;kopi program makan gratis ini bantu banget warga kecil jangan dirusak pakai isu sapi yang nggak jelas juntrungannya itu cuma simulasi perencanaan dapur realitanya menu tetap variatif dan bergizi seimbang;bradtherwage
430;presiden prabowo subianto menegaskan komitmen melanjutkan program makan bergizi gratis mbg hingga tuntas program ini dinilai berdampak bagi petani dan nelayan karena memberi kepastian pasar baca selengkapnya rk;kompascom
431;nutrisi seimbang itu kunci kecerdasan anak sekolah jangan terjebak polemik simulasi sapi yang nggak utuh informasinya tetap dukung program makan bergizi gratis demi masa depan indonesia yang lebih cerah;gilbhaarg
432;tetap kritis tapi jangan kehilangan akal sehat isu sapi ribu itu cuma pengandaian kapasitas logistik saja mari dukung penuh program makan bergizi gratis demi masa depan cerah generasi indonesia;marasilvyy
433;klaim sesat makan bergizi gratis baru simulasi tapi sudah jumawa dunia belajar ke kita faktanya india lewat midday meal scheme sudah beri makan juta anak sejak kita tertinggal dekade jangan jualan nasionalisme sempit unt menutupi manajemen yg belum teruji;Didikjzie
434;kepala badan gizi nasional bgn dadan hindayana mengklaim program studi gizi kini paling diminati setelah adanya program makan bergizi gratis mbg berapa sih gaji tenaga ahli gizi di program ini ternyata kisarannya mencapai jutaan rupiah per bulan lebih besar jika;officialfgmedia
435;presiden prabowo subianto menargetkan indonesia akan mencapai swasembada energi pada akhir target ini diungkapkan prabowo saat meninjau hasil revitalisasi sekolah dan program makan bergizi gratis mbg di sman cilacap jawa tengah rabu meski begitu;idx_channel
436;penerima manfaat tembus di atas juta prabowo banyak negara belajar mbg ke kita cilacap presiden ri prabowo subianto menyebut program makan bergizi gratis mbg telah menjangkau lebih dari juta penerima manfaat dan menjadi perhatian dunia bahkan sejumlah negara mulai;RadioElshinta
437;program makan bergizi gratis untuk anak aceh;dzakira_af16440
438;program makan bergizi gratis untuk aneuk aceh jak ta dukung makan bergizi gratis demi masa depan aneuk aceh;dzakira_af16440
439;tingkatkan kualitas belajar anakanak aceh melalui program makan bergizi gratis mari kita dukung makan bergizi gratis demi masa depan anak aceh;dzakira_af16440
440;mari kita dukung program makan bergizi gratis untuk anakanak aceh bergizigratis;dzakira_af16440
441;mari dukung makan bergizi gratis untuk anakanak aceh pemerintah tunjukkan komitmen untuk anakanak sekolah aceh makan bergizi gratis;dzakira_af16440
442;kampus jadi pusat gizi mahasiswa turun tangan kelola dapur mbg lur kepala badan gizi nasional dadan hindayana mengajak kampus di seluruh indonesia ikut mengelola dapur program makan bergizi gratis mbg bukan cuma masak tapi jadi tempat riset dan inovasi mahasiswa;BorobudurNews_
443;tai kucing gara lu banyak anggaran dipangkas banyak kampus yg kena dampak efisiensi demi menuhin that program makan beracun gratis dana riset dipangkas dan kalo lupa ada kampus yg membatasi kegiatan perkuliahan di kampus gara keterbatasan dana operasional krn efisiensi;uremyhopee
444;heran ya ga paham manfaat tapi bahasbahas manfaat pada ngerti gak si program makan bergizi gratis mbg membawa dampak positif bagi para petani peningkatan permintaan pasar membuat harga komoditas seperti brokoli dan bawang merah ikut naik sehingga pendapatan petani membaik;ZukiSunni
445;melalui makan bergizi gratis kita bersama membangun ketahanan fisik serta mental generasi penerus bangsa yang tangguh;Elizabe91164520
446;mari kita kawal kesuksesan program makan bergizi gratis demi mewujudkan citacita besar indonesia maju;Elizabe91164520
447;omong kosong mana janji lu dulu katanya ngadain program makan gratis buat anak sekolah yg ada malah mbg skrg mana program yg lu janjiin itu;pshtxbonek
448;ijm bukan mbg tetapi makan bergizi dengan biaya rakyat menyorot problem makan bergizi gratis mbg direktur indonesia justice monitor ijm agung wisnuwardana mengatakan bukan mbg tetapi makan bergizi dengan biaya rakyat;TintaMedia01
449;program makan bergizi gratis merupakan wujud nyata kepedulian pemerintah terhadap masa depan anak bangsa;SarahSaragih23
450;program makan bergizi gratis menggerakkan roda ekonomi pedagang di pasar kramat jati jakarta timur pedagang buah merasakan lonjakan omzet sejak program ini berjalan awal;hypecirclez
451;pak prabowo yg kau kasih makan itu pejabat mbg dan semua sppg jadi ladang korupsi baru bukan anak sekolah anak sekolah itu cuma sskali saja kok itu pun tidak bergizi bahkan banyak yg keracunan apa yg mau dipelajari negara lain dari program buruk itu;sinagano2
452;program makan bergizi gratis mbg hadir sebagai langkah nyata mewujudkan generasi emas kuncinya bukan cuma porsi yang banyak tapi gizi seimbang yang terjaga;Bahrululum977
453;setiap suapan dalam program makan bergizi gratis adalah langkah kita memutus rantai stunting dan meningkatkan kualitas sdm indonesia;Bahrululum977
454;jakarta pemerintah indonesia berencana memangkas kembali anggaran makan bergizi gratis mbg demi menjaga agar defisit fiskal tak melebihi batas maksimal baca selengkapnya;IDNFinancials
